-- phpMyAdmin SQL Dump
-- version 4.8.3
-- https://www.phpmyadmin.net/
--
-- Host: 127.0.0.1
-- Generation Time: Dec 05, 2018 at 09:23 AM
-- Server version: 10.1.36-MariaDB
-- PHP Version: 7.2.11

SET SQL_MODE = "NO_AUTO_VALUE_ON_ZERO";
SET AUTOCOMMIT = 0;
START TRANSACTION;
SET time_zone = "+00:00";


/*!40101 SET @OLD_CHARACTER_SET_CLIENT=@@CHARACTER_SET_CLIENT */;
/*!40101 SET @OLD_CHARACTER_SET_RESULTS=@@CHARACTER_SET_RESULTS */;
/*!40101 SET @OLD_COLLATION_CONNECTION=@@COLLATION_CONNECTION */;
/*!40101 SET NAMES utf8mb4 */;

--
-- Database: `laravel_ecomrec`
--

-- --------------------------------------------------------

--
-- Table structure for table `migrations`
--

CREATE TABLE `migrations` (
  `id` int(10) UNSIGNED NOT NULL,
  `migration` varchar(255) COLLATE utf8mb4_unicode_ci NOT NULL,
  `batch` int(11) NOT NULL
) ENGINE=InnoDB DEFAULT CHARSET=utf8mb4 COLLATE=utf8mb4_unicode_ci;

--
-- Dumping data for table `migrations`
--

INSERT INTO `migrations` (`id`, `migration`, `batch`) VALUES
(1, '2018_11_28_052933_create_tbl_admin_table', 1),
(2, '2018_11_28_131856_create_tbl_category_table', 2),
(3, '2018_12_03_061345_create_manufacture_table', 3),
(4, '2018_12_03_123054_create_tbl_products_table', 4);

-- --------------------------------------------------------

--
-- Table structure for table `tbl_admin`
--

CREATE TABLE `tbl_admin` (
  `admin_id` int(10) UNSIGNED NOT NULL,
  `admin_email` varchar(255) COLLATE utf8mb4_unicode_ci NOT NULL,
  `admin_password` varchar(255) COLLATE utf8mb4_unicode_ci NOT NULL,
  `admin_name` varchar(255) COLLATE utf8mb4_unicode_ci NOT NULL,
  `admin_phone` varchar(255) COLLATE utf8mb4_unicode_ci NOT NULL,
  `created_at` timestamp NULL DEFAULT NULL,
  `updated_at` timestamp NULL DEFAULT NULL
) ENGINE=InnoDB DEFAULT CHARSET=utf8mb4 COLLATE=utf8mb4_unicode_ci;

--
-- Dumping data for table `tbl_admin`
--

INSERT INTO `tbl_admin` (`admin_id`, `admin_email`, `admin_password`, `admin_name`, `admin_phone`, `created_at`, `updated_at`) VALUES
(1, 'osman@gmail.com', 'c40f62599c8f80f85f575c320b110a73', 'osman', '01672880108', '2018-11-27 18:00:00', NULL);

-- --------------------------------------------------------

--
-- Table structure for table `tbl_category`
--

CREATE TABLE `tbl_category` (
  `category_id` int(10) UNSIGNED NOT NULL,
  `category_name` varchar(255) COLLATE utf8mb4_unicode_ci NOT NULL,
  `category_description` varchar(255) COLLATE utf8mb4_unicode_ci NOT NULL,
  `publication_status` tinyint(2) DEFAULT '0',
  `created_at` timestamp NULL DEFAULT NULL,
  `updated_at` timestamp NULL DEFAULT NULL
) ENGINE=InnoDB DEFAULT CHARSET=utf8mb4 COLLATE=utf8mb4_unicode_ci;

--
-- Dumping data for table `tbl_category`
--

INSERT INTO `tbl_category` (`category_id`, `category_name`, `category_description`, `publication_status`, `created_at`, `updated_at`) VALUES
(1, 'Men', 'This is Men Category', 1, NULL, NULL),
(4, 'Elecktronics', 'This is Electronics Category', 1, NULL, NULL),
(11, 'laptop', 'lllllllllllllllllllllll', 1, NULL, NULL),
(12, 'mobile', 'mmmmmmmmmmmmmmmmm', NULL, NULL, NULL),
(13, 'men', 'ggggggggggggggg', 1, NULL, NULL),
(14, 'women', 'ddddddddddddddddd', NULL, NULL, NULL),
(15, 'testing', 'ffff', 0, NULL, NULL);

-- --------------------------------------------------------

--
-- Table structure for table `tbl_manufacture`
--

CREATE TABLE `tbl_manufacture` (
  `manufacture_id` int(10) UNSIGNED NOT NULL,
  `manufacture_name` varchar(255) COLLATE utf8mb4_unicode_ci NOT NULL,
  `manufacture_description` varchar(255) COLLATE utf8mb4_unicode_ci NOT NULL,
  `publication_status` tinyint(2) DEFAULT '0',
  `created_at` timestamp NULL DEFAULT NULL,
  `updated_at` timestamp NULL DEFAULT NULL
) ENGINE=InnoDB DEFAULT CHARSET=utf8mb4 COLLATE=utf8mb4_unicode_ci;

--
-- Dumping data for table `tbl_manufacture`
--

INSERT INTO `tbl_manufacture` (`manufacture_id`, `manufacture_name`, `manufacture_description`, `publication_status`, `created_at`, `updated_at`) VALUES
(1, 'Samsung', 'This is&nbsp;Samsung Manufacture', 1, NULL, NULL),
(2, 'Zara', 'zara pents are so good', 1, NULL, NULL),
(3, 'Otobi', 'ootobi furniture', 1, NULL, NULL),
(4, 'Appale', 'appanel brand', 1, NULL, NULL),
(5, 'adidas', 'adidas brand', 0, NULL, NULL),
(7, 'test', 'Update test', 1, NULL, NULL);

-- --------------------------------------------------------

--
-- Table structure for table `tbl_products`
--

CREATE TABLE `tbl_products` (
  `product_id` int(10) UNSIGNED NOT NULL,
  `product_name` varchar(50) COLLATE utf8mb4_unicode_ci NOT NULL,
  `category_id` int(11) NOT NULL,
  `manufacture_id` int(11) NOT NULL,
  `product_short_description` longtext COLLATE utf8mb4_unicode_ci NOT NULL,
  `product_long_description` longtext COLLATE utf8mb4_unicode_ci NOT NULL,
  `product_price` double(8,2) NOT NULL,
  `product_image` varchar(255) COLLATE utf8mb4_unicode_ci NOT NULL,
  `product_size` varchar(255) COLLATE utf8mb4_unicode_ci NOT NULL,
  `product_color` varchar(255) COLLATE utf8mb4_unicode_ci NOT NULL,
  `publication_status` tinyint(2) DEFAULT '0',
  `created_at` timestamp NULL DEFAULT NULL,
  `updated_at` timestamp NULL DEFAULT NULL
) ENGINE=InnoDB DEFAULT CHARSET=utf8mb4 COLLATE=utf8mb4_unicode_ci;

--
-- Dumping data for table `tbl_products`
--

INSERT INTO `tbl_products` (`product_id`, `product_name`, `category_id`, `manufacture_id`, `product_short_description`, `product_long_description`, `product_price`, `product_image`, `product_size`, `product_color`, `publication_status`, `created_at`, `updated_at`) VALUES
(1, 'iphone8+', 4, 4, 'Apple short description', '<span style=\"font-size: 13.3333px;\">Apple long description</span>', 750000.00, 'image/AD5xeXytJ1bApjNNseC1_jpg', '5.4\' inc', 'Brown,Red,Black', 1, NULL, NULL),
(4, 'acer', 11, 7, 'test short', 'test long', 750000.00, 'image/svbijOA67rrDaWHmX2DA_jpg', '14.5\' inc', 'Red,Black,white', 0, NULL, NULL),
(8, 'alionear', 11, 7, 'alionear shoort test', 'aloiner long test', 950000.00, 'image/0Z0hDTfUYRPAJhAbZRGX_jpg', '14.5\' inc', 'Black', 1, NULL, NULL),
(9, 'ladis t shirt', 1, 2, 'short&nbsp;', 'long', 700.00, 'image/CHKBlyrBebVr1qqMwNHI_jpg', '5.4\' inc', 'Black', 1, NULL, NULL),
(10, 'men style t shirt', 1, 7, 'short', 'long', 1500.00, 'image/bVh6bVzo4c0IkHJRvSEJ_jpg', '7.6\' inc', 'Red,Black', 0, NULL, NULL),
(11, 'men casual pant', 1, 2, 'short', 'long', 1700.00, 'image/gdScz2AtpIuVLFjIhfMa_jpg', '28.6\' inc', 'Brown,Red,Black', 1, NULL, NULL),
(12, 'lady casula', 1, 2, 'short', 'long', 750000.00, 'image/5HnLwGTP3o7eJ6wZ7oe6_jpg', '5.4\' inc', 'Black', 1, NULL, NULL),
(13, 'dektop pc', 4, 4, 'short', 'long', 950000.00, 'image/CPcGpmcpLWKcTHhq3vXh_jpg', '14.5\' inc', 'white', 0, NULL, NULL),
(14, 'bmw racer', 1, 2, 'short', 'long', 950000.00, 'image/nR326f76h03zzy2CJSyo_jpg', '28.6\' inc', 'Red,Black,white', 1, NULL, NULL);

--
-- Indexes for dumped tables
--

--
-- Indexes for table `migrations`
--
ALTER TABLE `migrations`
  ADD PRIMARY KEY (`id`);

--
-- Indexes for table `tbl_admin`
--
ALTER TABLE `tbl_admin`
  ADD PRIMARY KEY (`admin_id`);

--
-- Indexes for table `tbl_category`
--
ALTER TABLE `tbl_category`
  ADD PRIMARY KEY (`category_id`);

--
-- Indexes for table `tbl_manufacture`
--
ALTER TABLE `tbl_manufacture`
  ADD PRIMARY KEY (`manufacture_id`);

--
-- Indexes for table `tbl_products`
--
ALTER TABLE `tbl_products`
  ADD PRIMARY KEY (`product_id`);

--
-- AUTO_INCREMENT for dumped tables
--

--
-- AUTO_INCREMENT for table `migrations`
--
ALTER TABLE `migrations`
  MODIFY `id` int(10) UNSIGNED NOT NULL AUTO_INCREMENT, AUTO_INCREMENT=5;

--
-- AUTO_INCREMENT for table `tbl_admin`
--
ALTER TABLE `tbl_admin`
  MODIFY `admin_id` int(10) UNSIGNED NOT NULL AUTO_INCREMENT, AUTO_INCREMENT=2;

--
-- AUTO_INCREMENT for table `tbl_category`
--
ALTER TABLE `tbl_category`
  MODIFY `category_id` int(10) UNSIGNED NOT NULL AUTO_INCREMENT, AUTO_INCREMENT=16;

--
-- AUTO_INCREMENT for table `tbl_manufacture`
--
ALTER TABLE `tbl_manufacture`
  MODIFY `manufacture_id` int(10) UNSIGNED NOT NULL AUTO_INCREMENT, AUTO_INCREMENT=8;

--
-- AUTO_INCREMENT for table `tbl_products`
--
ALTER TABLE `tbl_products`
  MODIFY `product_id` int(10) UNSIGNED NOT NULL AUTO_INCREMENT, AUTO_INCREMENT=15;
COMMIT;

/*!40101 SET CHARACTER_SET_CLIENT=@OLD_CHARACTER_SET_CLIENT */;
/*!40101 SET CHARACTER_SET_RESULTS=@OLD_CHARACTER_SET_RESULTS */;
/*!40101 SET COLLATION_CONNECTION=@OLD_COLLATION_CONNECTION */;
